10ASub1,10ASub2,10ASub3,10BSub1,10BSub2,10BSub3,11ASub1,11ASub2,11ASub3
31,38,61,34,40,50,35,30,54
58,49,63,50,44,51,62,43,59
32,43,68,29,41,63,40,49,56
55,46,74,56,40,50,53,67,68
79,74,82,75,66,74,72,65,82
62,50,68,57,25,64,50,53,62
65,62,75,61,50,79,51,61,71
56,36,75,56,43,77,61,58,71
64,63,82,63,61,63,56,44,81
76,53,85,77,45,81,69,61,81
59,60,88,58,58,78,51,46,73
64,63,77,54,42,73,40,49,68
73,46,76,70,49,65,68,44,76
79,62,80,77,61,80,61,61,76
78,44,83,77,47,75,71,53,73
93,50,84,92,61,78,93,63,79
79,54,77,73,53,70,69,63,76
84,54,88,78,56,79,73,58,81
58,64,71,59,59,66,60,69,67
60,46,66,59,53,63,61,51,72
67,53,80,69,51,74,76,65,79
75,62,84,77,74,84,86,75,83
57,74,68,62,73,69,41,43,75
51,46,77,54,49,67,39,74,76
88,61,85,89,58,79,85,80,78
69,69,75,62,61,64,63,66,66
83,85,77,81,70,54,74,79,57
66,72,79,71,61,78,72,69,79
68,64,75,71,57,68,73,65,79
86,66,86,82,61,81,88,84,86
79,78,83,73,80,80,82,77,85
90,77,87,88,81,83,92,76,90
59,69,78,63,69,67,69,68,78
84,84,82,87,77,76,90,83,76
62,60,82,71,56,73,82,63,60
60,40,43,61,60,39,50,43,45
64,51,84,62,53,81,62,44,68
33,37,60,39,43,58,43,41,57
50,37,64,50,43,70,33,58,51
50,53,86,58,48,79,61,42,74
51,41,66,44,34,46,35,44,42
60,50,74,59,42,69,54,43,52
70,61,80,68,55,68,81,60,67
80,45,77,73,50,70,85,39,69
68,52,79,65,56,78,68,54,76
56,64,76,48,52,66,48,55,67
51,62,73,58,62,67,63,62,66
62,55,72,59,53,69,52,51,67
85,62,63,83,50,62,88,64,64
60,46,83,50,33,61,61,41,82
75,64,77,76,52,71,72,56,69
87,67,81,81,61,81,85,59,72
78,62,76,75,63,73,73,62,77
69,58,71,69,38,61,62,50,63
72,73,82,70,71,80,81,78,75
63,71,71,62,61,79,83,70,59
88,62,83,86,63,81,93,71,74
74,69,78,82,79,79,84,69,78
69,60,76,73,61,74,87,81,72
54,57,72,51,64,64,64,64,65
58,59,81,70,59,80,69,65,73
45,58,82,47,62,77,59,64,77
85,71,88,84,66,88,91,70,84
56,61,71,59,52,70,53,62,69
64,61,77,72,62,78,72,66,78
82,55,86,81,54,76,80,63,81
65,61,70,69,58,56,85,62,67
76,77,81,73,72,71,88,92,85
94,78,93,97,81,87,99,73,92
57,69,68,51,49,61,39,47,66
60,43,65,55,48,62,49,41,63
64,64,72,77,60,76,64,55,77
60,67,61,63,59,61,61,62,64
75,62,84,64,49,77,59,62,79
62,50,73,61,49,70,66,52,71
81,61,76,75,48,69,69,50,63
47,40,60,51,35,45,41,51,63
75,50,81,72,45,76,72,53,77
49,57,74,54,67,69,58,42,75
61,66,76,53,69,62,59,67,67
66,65,72,70,45,57,59,59,63
80,43,78,82,35,59,71,41,75
55,65,86,64,58,78,39,38,71
83,69,78,82,68,79,85,72,74
62,48,82,61,48,77,50,43,70
79,70,87,71,59,85,68,44,87
90,63,71,89,60,60,77,45,67
90,68,94,93,56,93,91,56,86
73,68,74,64,61,74,66,45,71
76,69,82,79,69,87,82,55,78
66,69,78,70,65,81,70,71,80
76,72,77,81,77,75,76,63,74
56,69,77,53,54,75,53,61,73
71,61,65,70,61,63,52,59,74
65,55,77,62,59,59,2,1,2
51,64,64,44,49,56,35,48,55
72,71,68,70,54,73,78,65,72
59,68,75,65,58,62,50,49,59
65,77,75,59,68,72,61,65,70
59,53,79,62,50,78,65,37,71
65,54,77,66,51,78,45,59,60
65,63,71,62,63,65,65,65,68
56,62,73,66,61,63,55,55,72
65,72,66,59,62,59,67,66,56
80,54,78,79,53,74,74,51,71
57,63,83,60,59,77,52,53,68
79,60,86,77,65,82,68,61,77
81,74,88,82,67,84,81,59,77
65,66,83,66,69,81,65,67,75
64,78,80,61,75,75,51,60,75
74,77,80,70,67,76,71,62,73
55,71,81,62,76,79,51,66,70
63,55,71,62,57,58,64,58,75
76,76,84,74,77,77,65,76,72
77,79,80,78,74,74,73,79,73
77,77,85,75,81,85,74,73,83
78,77,82,71,68,78,75,57,76
75,84,69,73,67,60,72,69,53
72,73,76,68,59,58,66,64,75
77,84,80,78,73,74,87,72,71
80,80,79,81,75,75,84,74,70
85,84,84,88,89,78,79,84,74
61,73,69,64,73,67,59,75,75
75,80,82,76,74,79,79,67,80
90,85,84,90,75,89,83,78,87
67,80,77,69,86,75,67,76,75
60,80,74,65,71,70,68,72,74
63,68,80,73,63,87,75,78,85
80,90,76,81,84,78,83,89,81
71,52,67,74,52,52,63,44,68
55,66,72,52,64,70,52,65,63
71,60,79,68,60,67,60,67,84
74,72,83,65,63,79,76,65,78
65,65,73,66,74,72,64,70,65
84,78,75,85,68,77,77,66,77
73,69,80,71,59,69,77,53,72
59,68,79,59,64,73,62,70,68
71,73,82,69,61,77,72,61,74
89,72,60,79,67,64,73,69,63
66,69,82,64,63,81,68,61,73
83,83,92,85,64,89,83,69,77
66,63,83,64,71,85,61,66,72
78,61,76,73,49,72,62,67,74
88,79,79,84,57,75,83,69,79
73,86,81,74,76,79,67,82,84
79,79,87,75,67,81,58,62,83
89,70,84,88,65,86,92,72,83
55,74,76,51,64,72,60,58,64
67,69,74,69,62,76,58,65,67
81,80,82,77,80,75,76,78,77
85,82,76,83,74,66,76,77,64
73,77,69,72,75,67,63,82,70
62,87,76,62,78,68,58,72,70
61,79,67,65,65,62,50,71,67
69,77,81,63,74,76,70,82,82
72,73,88,71,76,81,76,82,77
78,84,84,73,76,81,73,74,73
56,68,62,62,73,57,69,81,49
82,67,84,81,71,80,87,73,76
75,73,78,75,68,76,77,72,72
68,91,85,73,85,80,80,87,80
51,57,75,57,51,71,56,52,72
53,37,74,50,35,63,45,46,66
59,43,76,55,49,60,49,40,57
71,55,83,70,59,79,59,64,72
46,47,68,50,46,69,49,46,71
51,79,82,59,62,73,55,66,69
67,79,70,62,66,51,49,42,60
72,70,81,71,71,75,74,51,64
68,71,77,63,62,71,75,62,69
67,61,69,63,52,66,64,54,55
83,64,78,76,58,67,75,48,67
29,29,38,30,27,30,32,25,31
63,76,76,64,73,65,67,68,80
70,75,80,67,69,71,62,64,72
86,74,84,81,61,79,84,66,73
59,68,74,62,73,74,58,75,71
75,68,77,73,63,82,72,60,77
42,67,64,43,66,65,45,70,69
59,74,76,58,58,65,54,61,62
77,65,82,69,69,72,75,76,76
65,55,77,63,54,79,68,69,69
73,65,82,74,58,73,77,66,69
72,80,86,72,68,78,70,70,77
58,67,71,57,71,65,63,66,68
74,82,78,75,72,76,75,66,72
90,53,69,91,62,62,90,65,64
80,65,79,84,62,76,84,67,74
63,67,65,59,70,66,63,69,60
78,83,80,81,71,80,86,75,79
71,66,88,71,70,83,74,64,75
84,85,87,83,82,80,78,73,75
84,79,90,84,76,89,81,73,82
64,84,77,66,86,75,66,79,75
85,93,84,82,83,74,83,83,80
86,78,89,83,72,81,86,71,77
78,79,79,75,74,70,81,82,81
89,90,90,94,98,83,94,99,82
76,66,79,63,56,72,68,63,76
68,72,78,64,59,61,77,68,76
78,68,75,76,63,66,76,57,64
78,64,80,82,60,69,79,65,75
70,66,64,68,55,57,70,67,71
65,59,65,67,58,62,65,58,63
86,68,76,84,61,64,83,61,68
72,75,93,69,78,87,57,72,79
71,80,80,78,72,73,70,69,73
63,78,72,60,70,63,58,61,71
89,76,83,85,72,73,76,60,80
52,66,71,43,56,50,32,60,47
56,89,70,53,79,45,49,76,68
88,68,84,85,68,85,78,72,83
64,66,71,65,63,63,71,67,74
78,67,81,77,65,74,77,65,73
65,69,77,68,69,59,58,64,69
71,84,79,65,79,76,63,69,82
86,69,81,89,70,75,88,71,73
58,70,64,65,67,62,67,61,75
75,88,78,82,81,79,82,72,78
74,69,76,68,68,71,80,70,76
78,68,78,82,70,79,78,75,72
81,83,82,82,85,77,80,80,75
76,70,82,70,63,73,63,68,73
89,90,89,88,89,85,86,81,80
89,92,93,93,83,90,93,85,87
79,80,78,77,61,71,71,74,77
83,82,91,80,80,85,79,82,85
89,90,84,90,85,79,92,90,86
66,69,78,60,63,74,47,46,73
67,62,82,63,52,76,54,36,77
69,53,68,67,59,64,62,64,73
84,81,86,88,73,79,80,77,80
72,60,67,78,60,51,72,45,64
66,72,73,66,63,70,62,54,76
81,79,75,77,71,67,70,72,61
51,59,74,42,60,72,44,36,57
62,80,76,68,75,64,58,70,63
68,68,77,75,66,77,63,58,82
70,64,63,64,61,64,62,62,70
70,61,77,73,56,72,74,55,69
74,75,72,68,72,77,72,70,78
61,50,70,68,58,71,63,53,61
70,84,79,62,68,63,52,76,76
73,64,61,74,49,56,67,66,74
79,78,83,72,67,75,60,68,76
86,65,83,78,71,72,80,56,72
84,78,86,81,63,81,83,62,74
77,64,88,78,74,84,76,72,75
50,60,75,50,66,69,34,48,63
81,79,80,83,72,60,86,71,75
65,75,71,65,66,63,68,57,65
69,75,76,63,75,72,70,69,72
70,80,77,74,70,77,79,69,75
74,81,79,78,76,63,70,66,77
85,73,87,81,79,82,85,70,72
69,66,78,70,59,69,71,53,77
75,81,75,81,73,72,85,76,74
84,88,74,80,81,74,73,83,70
77,77,76,78,76,64,73,68,64
77,92,82,82,87,79,88,86,84
80,84,81,77,68,82,84,73,73
86,81,86,87,80,85,76,81,85
70,82,89,75,69,75,58,74,73
90,94,90,85,85,89,92,79,80
69,86,70,62,73,62,76,79,62
94,88,89,92,91,88,93,83,86
53,72,76,49,55,70,51,36,68
44,72,66,41,63,68,36,38,75
63,51,70,67,64,79,75,49,73
40,63,74,46,61,64,48,62,63
62,76,76,62,61,64,53,63,62
72,61,71,70,63,69,68,50,75
89,67,84,85,55,74,78,62,62
74,69,76,76,56,66,77,60,67
82,76,76,77,64,75,63,67,58
75,76,77,72,67,71,75,65,71
77,62,79,73,61,74,74,54,69
80,64,74,78,53,72,79,44,68
65,74,77,65,61,76,67,60,72
65,74,84,70,67,82,78,72,76
54,66,67,63,64,67,62,59,68
61,61,69,64,59,62,71,59,71
71,73,77,71,70,77,71,74,72
80,71,70,73,68,60,66,79,72
58,77,70,59,70,65,51,56,61
69,86,74,68,85,61,69,79,68
80,70,84,81,74,77,81,64,80
72,81,76,74,76,68,72,78,68
70,77,76,75,65,77,86,67,70
80,84,78,81,75,82,86,78,73
88,79,81,91,74,72,79,79,81
76,70,82,71,67,78,68,73,75
77,78,84,80,78,82,77,77,74
69,75,76,71,68,71,69,73,72
66,79,84,66,71,78,68,81,72
85,67,83,81,85,82,87,77,77
79,77,88,81,78,82,87,76,82
83,85,84,81,85,77,84,88,75
83,85,85,84,89,81,82,87,80
56,73,64,55,58,61,60,41,65
57,57,65,65,62,59,64,62,57
66,42,81,64,45,79,53,50,80
68,71,70,62,48,59,61,60,64
57,66,73,47,64,67,44,49,68
66,69,73,57,69,71,70,59,77
82,76,82,72,71,69,69,58,73
52,64,75,47,62,70,44,49,67
72,54,80,65,53,78,53,59,78
61,47,76,63,39,61,50,57,80
83,81,81,90,69,78,81,77,76
59,67,76,64,68,73,66,63,74
71,67,79,65,63,73,61,51,80
72,53,71,65,53,67,70,43,77
74,68,74,83,63,80,70,64,77
63,57,82,62,61,79,63,62,68
63,60,72,62,58,50,70,50,54
76,73,81,75,62,78,65,70,70
60,72,70,63,59,68,61,62,67
69,77,80,66,67,81,68,66,70
72,62,86,76,61,77,73,51,79
71,62,77,70,67,78,68,61,68
86,73,81,84,58,74,78,64,74
77,77,73,73,70,73,77,62,77
74,75,87,80,63,68,81,49,68
84,72,86,79,59,80,76,67,72
85,68,78,81,61,79,70,71,71
62,62,75,69,67,70,77,80,75
69,73,79,72,67,73,61,71,74
85,75,81,85,69,80,80,70,73
68,70,84,70,72,73,65,74,74
73,89,76,73,83,66,72,79,71
79,78,80,72,82,79,72,82,81
82,73,81,82,79,78,82,69,83
88,89,93,90,94,89,91,79,85
94,86,93,92,89,88,89,85,91
60,68,66,60,53,62,50,62,54
62,63,70,62,49,38,64,51,62
71,64,78,64,63,64,52,43,59
60,69,67,62,71,53,73,67,61
53,56,72,58,59,63,50,48,71
73,72,77,60,82,70,60,66,69
83,59,65,84,49,54,81,66,66
73,66,73,67,63,68,63,58,73
53,51,71,65,57,68,67,61,62
61,62,70,62,59,69,59,48,73
67,70,77,73,60,76,55,61,63
68,71,69,64,60,60,72,74,67
63,63,77,63,58,70,63,62,75
63,76,74,65,68,66,58,68,73
59,74,81,66,73,74,69,59,69
77,64,78,75,68,70,70,69,75
66,68,71,72,76,71,67,66,71
67,84,77,65,64,66,75,71,64
20,55,58,26,54,59,26,52,60
56,69,66,69,61,64,82,72,59
76,70,78,78,68,76,74,67,71
83,72,81,82,70,76,70,71,75
83,57,78,78,62,69,73,66,73
78,90,74,81,89,67,80,88,69
73,83,86,70,78,78,81,70,75
75,73,83,78,69,82,63,79,71
77,79,84,81,81,83,77,71,81
70,75,83,75,78,76,77,82,75
92,87,82,90,74,82,90,69,80
73,77,79,72,80,73,68,74,70
77,67,76,70,59,66,79,71,75
76,75,83,73,65,77,72,71,75
79,73,87,83,74,85,85,79,83
86,71,89,85,74,90,92,73,84
83,90,88,82,95,79,84,82,76
55,53,77,58,66,75,43,40,62
54,58,68,56,58,48,60,50,68
63,62,66,64,53,59,62,57,67
68,63,84,62,67,78,60,64,80
50,72,76,50,62,52,47,51,70
67,68,75,62,74,73,61,69,72
73,68,79,75,71,75,62,55,56
55,80,75,60,60,65,62,62,72
76,67,76,73,58,66,75,62,70
86,67,76,80,51,71,77,69,73
70,84,86,75,81,82,80,76,76
58,49,79,61,71,62,58,73,70
70,45,66,62,52,70,50,47,69
59,71,73,61,67,62,68,67,62
78,59,86,81,68,78,74,67,78
59,69,66,61,63,67,60,67,64
77,68,82,79,68,80,76,63,68
57,69,78,51,66,55,59,69,67
78,76,83,78,64,71,78,77,68
77,76,86,81,76,82,84,68,72
74,51,62,61,50,53,76,53,54
77,72,81,76,69,76,76,64,77
52,75,72,49,75,67,55,75,59
82,77,79,81,71,79,77,66,78
59,67,76,69,72,65,73,69,78
55,71,73,66,60,73,69,65,69
78,71,89,76,69,78,71,72,72
71,79,81,73,81,74,83,83,82
73,71,79,72,72,74,69,69,73
77,80,83,81,71,76,83,73,81
71,83,64,65,71,65,77,73,62
67,71,81,72,70,81,84,66,79
83,88,81,85,84,85,86,91,76
84,88,79,85,84,75,82,81,71
90,83,84,84,78,81,86,82,79
33,47,58,41,44,56,38,38,52
49,59,72,60,60,76,55,57,73
88,69,85,85,65,81,83,60,77
67,62,80,69,60,68,63,58,68
53,65,53,58,43,62,57,44,77
57,56,67,56,63,61,66,56,71
62,67,68,68,70,63,64,70,62
61,66,65,62,56,49,59,56,58
69,60,76,66,63,73,60,72,74
68,76,87,67,64,80,65,64,76
72,61,77,72,63,76,65,56,79
74,80,75,78,77,68,84,70,70
79,59,77,72,65,68,63,58,68
82,78,89,75,71,84,87,67,88
85,71,90,82,63,82,83,78,82
60,61,66,63,58,68,69,74,68
61,82,70,67,73,65,63,72,70
73,63,86,77,60,78,65,66,74
88,86,78,83,88,66,75,76,76
65,68,81,71,66,70,71,73,84
74,72,78,69,70,74,72,77,81
75,82,83,68,69,76,72,78,78
88,63,83,80,71,73,79,72,76
91,78,84,85,78,80,96,80,73
77,72,88,78,69,84,84,71,80
68,71,80,72,73,74,66,72,76
75,86,75,68,70,64,73,80,71
67,84,74,74,75,68,78,78,80
72,73,81,72,62,79,73,66,78
82,87,88,84,87,88,81,79,79
59,68,75,64,67,72,61,74,70
68,82,79,72,84,81,71,67,81
61,68,73,54,66,75,69,68,80
61,74,74,70,73,75,64,63,82
83,90,85,86,87,88,93,86,79
89,84,89,85,84,86,98,84,83
79,85,90,82,92,90,86,77,85
95,85,91,96,86,93,93,90,90
75,47,82,71,40,66,68,53,72
78,69,81,66,47,62,57,38,76
55,48,61,52,51,46,44,37,67
58,49,71,54,50,65,45,33,61
71,61,76,72,54,81,59,62,68
69,63,82,81,64,76,76,61,82
51,51,67,55,55,66,61,62,70
70,53,69,66,61,67,68,44,64
62,58,65,62,50,61,60,53,71
66,58,71,71,59,71,71,61,73
54,58,56,55,51,52,62,65,62
87,69,85,84,60,77,83,54,75
48,67,74,51,64,75,30,55,73
61,73,76,60,75,61,49,65,61
69,63,78,69,58,75,71,58,77
73,88,78,71,77,73,67,66,78
73,70,83,71,80,76,74,68,72
74,72,82,71,64,78,75,67,70
81,81,68,80,64,57,90,82,79
79,70,84,77,63,79,64,64,75
85,69,86,81,72,74,68,55,75
90,85,89,86,83,85,79,79,81
73,65,83,67,67,86,69,58,81
73,81,85,72,74,79,73,69,72
66,58,78,80,65,75,84,61,76
76,91,82,74,80,79,72,80,71
76,80,68,76,75,73,65,70,78
82,84,77,82,71,77,79,72,76
74,79,77,77,75,64,78,81,75
65,75,80,60,67,66,47,71,71
82,81,80,75,73,73,85,70,76
66,70,78,70,73,68,54,66,69
72,73,78,77,76,80,78,71,79
87,89,88,82,89,90,84,83,79
93,87,87,87,81,88,87,89,87
75,65,70,72,66,69,78,75,72
94,81,86,91,77,88,94,82,78
78,92,80,74,83,71,82,81,69
76,73,79,76,78,82,81,80,82
70,82,81,78,73,75,87,81,76
51,49,49,56,27,49,61,60,58
71,46,78,65,47,75,59,43,60
53,39,74,58,44,72,51,38,63
82,78,85,77,71,84,78,62,84
58,70,69,58,77,64,58,62,73
64,51,72,69,45,58,77,57,64
93,98,81,92,100,77,94,96,79
88,71,55,86,60,56,87,69,69
54,70,78,50,63,66,51,58,68
66,62,71,69,60,73,69,60,70
63,58,74,68,66,78,81,71,72
83,72,80,88,65,79,94,77,88
82,79,87,81,67,77,77,73,76
85,77,85,80,73,83,85,70,76
61,64,77,68,65,70,66,62,77
75,85,82,79,73,77,74,81,82
59,63,70,57,65,74,65,53,74
79,79,74,71,77,76,80,69,73
82,64,83,83,65,84,88,67,75
61,64,83,62,66,77,59,52,62
76,79,76,72,61,66,81,74,76
87,90,89,86,67,83,85,82,79
70,77,73,75,70,74,65,74,73
76,71,77,77,62,75,89,63,73
70,72,78,65,62,77,69,61,71
81,79,81,77,70,74,77,65,76
87,78,81,85,60,81,90,69,75
70,56,67,72,62,77,84,68,72
84,66,85,88,67,85,93,66,77
79,77,86,86,80,84,88,79,84
92,86,95,90,82,90,95,84,82
80,64,74,69,52,67,91,78,75
90,77,84,83,74,74,86,68,74
83,95,84,88,92,81,86,88,85
82,94,84,86,85,82,89,79,86
91,81,83,89,79,78,95,79,79
86,84,91,84,84,90,85,69,84
80,68,82,71,69,79,74,59,69
88,90,87,88,87,84,93,79,81
91,94,86,99,94,91,91,91,88
87,61,78,81,59,80,82,39,74
87,66,78,77,64,78,85,53,76
87,67,78,83,59,74,85,62,80
89,72,80,89,67,80,88,70,78
88,78,85,76,66,89,75,64,84
80,59,77,83,57,78,81,61,73
83,61,81,83,62,83,90,56,81
88,73,76,83,66,71,76,52,67
96,79,85,95,77,85,96,72,83
90,58,85,90,73,81,90,63,82
88,73,79,87,62,76,88,60,80
90,75,77,94,77,78,87,73,76
92,72,82,90,69,80,88,63,78
96,86,92,89,78,87,93,71,88
80,62,77,82,61,75,81,57,78
86,77,84,89,68,83,84,67,76
92,70,74,86,69,65,94,65,67
95,78,76,90,77,77,93,70,74
97,88,82,96,73,84,94,79,84
85,62,68,79,55,71,76,52,66
94,81,78,92,66,77,92,72,79
88,89,83,93,76,81,90,74,82
94,91,85,95,86,87,91,90,83
84,82,69,92,82,81,92,84,76
93,85,86,95,83,84,90,78,82
89,81,84,88,76,85,93,78,79
92,74,80,91,77,83,92,82,80
94,89,86,90,83,85,85,87,85
94,80,90,92,79,84,93,73,87
91,78,87,95,82,91,93,93,82
95,93,89,95,88,97,97,96,92
87,67,82,85,61,75,80,49,72
66,56,73,54,43,70,62,58,75
0,6,0,2,4,1,54,64,82
81,66,85,84,61,82,86,62,73
67,50,80,59,45,77,40,60,76
68,60,71,72,59,52,65,50,80
81,64,84,80,61,79,73,59,77
81,60,81,70,65,73,64,64,67
64,53,60,57,58,57,62,65,47
67,66,73,64,67,69,61,68,73
67,66,88,65,61,78,67,59,80
77,76,77,79,65,71,73,65,72
85,61,79,81,66,81,77,72,80
82,71,77,86,75,74,91,67,75
60,66,72,53,62,63,53,58,68
67,67,82,64,60,76,72,61,82
66,63,77,65,59,77,55,49,71
73,74,77,76,59,68,67,56,74
77,81,80,74,77,74,79,76,79
77,70,75,76,65,77,70,63,73
84,79,71,80,71,73,83,75,71
67,51,69,69,49,58,52,44,71
79,61,87,77,59,84,66,58,80
78,79,85,80,71,76,79,65,74
75,74,82,79,70,76,73,70,80
78,58,84,80,62,79,83,56,82
84,70,78,85,60,75,80,71,79
65,62,74,67,71,77,61,51,76
69,75,79,67,67,73,69,60,76
80,87,79,71,85,72,57,73,78
76,62,78,78,64,82,79,73,84
58,66,75,60,63,72,65,66,74
78,75,82,81,83,83,82,76,75
85,74,87,84,79,91,92,70,86
86,81,80,85,77,82,84,73,80
67,74,84,68,69,72,72,60,74
77,90,85,82,85,82,83,82,70
71,86,82,84,80,83,66,72,83
93,99,92,89,87,86,87,92,86
51,59,76,51,54,68,34,51,51
69,59,76,71,34,70,60,49,67
78,70,88,70,62,89,66,42,83
86,63,75,87,59,62,75,45,66
89,66,95,91,58,94,95,58,85
71,68,77,68,60,75,67,45,72
76,69,84,80,66,86,82,56,77
66,68,76,71,68,81,73,70,81
77,72,76,80,78,74,77,66,73
59,65,76,52,58,76,54,58,69
69,61,67,66,61,63,52,56,76
62,39,47,60,58,41,52,44,45
61,51,82,63,54,81,63,44,68
50,36,68,51,41,74,30,60,54
50,54,84,55,51,77,59,45,74
49,38,65,43,37,46,35,44,42
60,50,72,55,42,68,55,43,54
68,61,83,68,57,70,81,58,71
83,46,75,70,49,67,81,43,69
66,52,79,67,57,76,72,53,75
55,61,76,52,49,67,50,56,71
55,60,72,58,62,67,66,60,68
65,56,71,61,53,71,55,52,66
85,59,60,82,53,59,91,60,64
58,45,83,50,35,63,65,41,83
76,65,78,75,52,69,72,58,71
32,39,58,33,40,53,33,31,55
58,48,63,48,42,51,58,41,61
33,43,70,28,41,62,41,47,58
58,45,71,56,40,47,54,64,70
78,73,82,76,62,76,72,64,82
61,51,68,56,28,63,51,51,65
67,60,75,61,47,77,48,59,68
54,36,78,54,42,75,58,58,71
64,65,81,61,62,61,60,45,80
75,49,87,76,46,80,68,63,79
62,61,85,60,60,76,53,45,74
63,64,75,51,46,72,42,48,67
72,47,75,68,48,64,66,46,77
77,60,81,77,63,76,65,59,76
79,43,86,78,50,73,73,54,73
94,47,84,96,61,81,89,61,81
83,56,77,71,53,71,69,65,76
86,57,85,80,52,81,73,60,82
60,66,67,60,62,69,59,68,67
60,47,70,55,54,67,61,53,73
69,55,79,66,50,76,76,63,79
77,59,87,77,72,85,87,75,85
53,70,70,58,72,67,39,43,73
49,47,74,57,52,68,41,74,76
90,63,83,86,61,81,82,83,77
66,67,74,60,62,66,62,65,65
81,84,81,83,73,56,74,78,59
65,71,78,73,62,78,70,69,79
67,66,77,71,58,67,70,65,77
86,68,85,81,62,81,91,86,89
80,81,85,75,80,78,81,76,89
91,76,87,91,80,82,92,73,89
58,68,76,62,72,71,69,68,75
87,86,84,84,78,76,93,81,78
60,60,80,69,56,75,79,62,64
89,67,81,81,62,81,81,60,72
77,59,74,75,65,74,74,62,78
73,55,67,67,37,62,64,47,64
73,75,79,70,74,82,81,77,76
63,71,69,63,59,81,81,74,62
86,65,81,83,64,82,92,69,77
71,71,79,83,76,81,84,69,80
71,61,78,73,61,76,86,77,75
54,58,73,51,64,60,63,63,65
55,57,80,66,58,81,69,66,74
44,58,80,48,60,80,59,64,75
85,70,84,83,66,84,93,69,85
61,59,77,74,64,77,74,66,80
81,55,86,79,56,75,80,62,80
65,59,67,72,58,53,84,60,66
76,81,81,76,69,75,91,91,87
97,80,93,98,84,88,98,72,91
57,70,68,47,50,59,36,45,67
60,40,64,52,48,60,48,40,62
64,60,72,75,61,77,64,52,75
62,66,60,62,62,61,61,66,61
75,61,81,65,51,77,63,58,77
62,50,72,62,47,68,66,50,72
81,63,76,75,50,72,71,50,63
49,38,61,51,37,47,45,51,66
72,52,81,70,45,74,74,54,80
49,56,71,55,68,69,57,46,75
60,68,74,54,69,64,61,64,66
69,66,69,68,47,55,58,62,62
83,42,76,82,34,59,73,40,74
51,64,85,60,57,82,38,40,75
82,72,77,83,67,81,85,73,76
60,49,78,61,49,77,53,41,74
60,77,78,63,69,68,67,70,80
73,73,77,69,69,74,61,66,74
85,73,83,84,64,79,85,67,76
60,68,70,64,71,73,60,78,68
78,70,79,72,63,80,70,63,74
41,68,60,45,65,61,43,71,70
62,73,72,58,60,65,54,62,63
77,65,79,67,67,70,77,77,74
65,58,76,64,54,78,67,67,73
70,67,84,72,58,76,77,63,73
74,82,84,75,69,77,73,70,76
62,65,72,55,72,65,59,66,65
70,79,77,73,76,75,78,65,71
94,56,69,88,62,58,93,62,67
78,66,75,82,62,78,86,69,76
63,68,67,59,73,65,63,66,62
79,83,80,84,72,80,87,77,76
91,72,87,87,66,86,74,73,84
63,67,70,66,62,60,70,69,72
81,65,78,74,64,73,76,61,69
63,72,74,72,67,59,55,63,69
74,86,79,65,77,74,65,70,81
90,68,84,90,67,72,86,69,73
58,70,66,67,65,64,63,64,75
73,86,79,82,77,76,82,73,76
73,69,80,66,70,75,77,72,80
79,71,80,83,67,77,74,73,74
80,83,80,81,81,81,79,78,76
76,70,83,70,63,75,65,64,71
87,89,87,84,89,86,90,80,78
92,89,91,89,79,87,95,81,88
79,77,78,76,60,69,72,74,79
80,81,91,81,78,87,80,82,84
92,90,86,89,85,81,93,90,87
68,65,79,60,62,74,47,50,73
68,64,79,64,52,76,55,35,78
65,55,69,66,58,65,63,63,75
83,81,84,88,74,78,83,75,81
72,58,64,75,62,50,70,44,66
64,72,76,65,65,73,63,56,78
82,79,73,77,71,68,70,71,64
51,57,75,44,59,71,42,37,57
59,80,74,71,76,66,60,67,63
69,69,78,73,67,75,65,58,80
62,74,74,60,62,65,55,63,59
74,60,73,70,63,68,66,49,73
90,70,85,82,53,76,79,61,63
78,66,79,79,55,66,76,60,63
83,77,75,76,64,76,63,64,59
77,78,76,70,68,68,75,68,68
79,61,78,73,61,73,74,51,70
81,64,77,77,56,68,80,45,67
61,73,77,68,59,77,66,60,71
64,74,81,70,67,82,75,73,78
53,66,68,64,64,71,61,60,65
65,59,69,63,58,64,69,59,69
74,72,78,67,69,75,71,78,72
78,70,71,75,67,60,67,79,72
54,79,73,56,67,63,51,56,63
72,84,72,70,82,60,70,79,67
83,70,87,83,71,81,83,64,82
69,82,77,78,78,68,72,75,69
71,76,76,75,67,73,87,71,71
77,88,76,79,77,80,84,81,73
87,78,82,87,71,73,77,81,82
73,71,80,69,63,74,68,73,76
77,78,84,81,75,85,78,79,78
71,73,76,70,70,67,71,70,70
65,82,87,69,70,77,64,80,73
83,67,82,82,84,83,90,77,77
79,81,90,81,77,84,85,79,81
82,87,83,81,84,76,84,86,72
81,85,84,84,92,81,81,87,78
56,72,64,56,60,62,59,43,62
55,57,66,64,58,58,65,59,59
67,45,80,64,46,78,52,49,78
68,68,68,64,52,59,59,61,64
53,68,76,46,64,69,46,47,68
63,65,76,54,70,72,67,60,76
50,71,77,49,59,53,46,51,72
67,68,77,61,73,73,64,67,72
72,71,81,71,71,73,60,54,54
55,77,74,62,62,65,63,62,69
76,65,73,72,60,63,76,61,67
83,70,75,77,51,68,77,68,73
73,83,88,73,84,84,82,74,77
60,45,76,58,74,60,58,71,70
69,42,66,59,52,72,52,47,69
63,69,77,64,65,62,68,65,63
75,58,90,80,66,75,73,64,79
62,69,66,62,61,67,56,66,68
77,68,82,79,66,81,73,64,68
79,78,83,76,62,73,81,74,70
76,74,87,80,77,82,85,71,76
71,51,63,60,50,54,74,52,58
80,72,78,78,71,76,76,65,77
53,74,69,49,73,69,56,76,63
83,78,78,80,72,82,76,67,78
62,70,75,68,75,66,73,69,79
54,72,72,65,61,74,70,63,72
80,71,87,78,70,77,70,68,74
69,80,82,74,79,76,83,84,79
72,71,80,73,71,74,68,72,74
79,80,79,80,68,77,83,77,81
73,84,65,69,73,65,77,74,63
68,68,83,70,68,83,80,65,76
85,86,82,83,80,82,88,88,75
86,90,81,84,81,79,81,82,73
87,82,82,85,78,78,87,81,78
80,73,82,75,71,65,66,62,72
52,60,77,50,59,69,44,53,67
70,52,78,64,51,76,55,59,78
63,48,77,63,42,61,53,56,77
84,82,82,87,69,79,80,78,77
56,65,76,65,67,70,62,63,74
69,67,79,64,65,74,61,52,80
77,68,75,81,65,77,70,66,73
63,59,85,66,60,78,63,64,70
65,63,71,61,58,50,67,47,55
76,74,80,72,63,78,64,69,72
61,69,70,60,58,69,60,59,66
69,80,80,67,65,78,71,63,72
72,63,85,76,60,77,74,51,80
71,63,78,71,67,78,70,62,67
87,73,83,84,55,77,76,67,73
73,75,74,74,70,77,76,58,76
77,76,88,81,62,69,79,52,67
84,70,84,80,61,77,74,68,72
85,69,75,80,58,78,74,71,70
64,64,79,69,67,70,78,78,75
70,74,80,73,65,71,60,73,75
81,73,79,82,69,78,82,67,76
67,72,83,67,69,72,68,74,75
71,86,78,74,82,65,75,78,70
77,81,84,75,83,79,74,85,80
81,73,84,84,76,79,81,66,80
88,89,92,89,93,91,91,79,87
91,86,94,92,90,90,90,83,94
57,64,68,56,55,63,49,60,56
60,61,68,58,50,38,66,47,62
78,78,84,76,78,83,73,71,85
80,77,81,74,65,77,78,61,77
73,82,72,73,67,60,74,69,55
68,73,75,68,60,62,67,62,75
78,84,82,77,73,74,87,71,74
80,81,79,81,72,78,88,77,71
82,86,84,88,89,76,79,83,71
62,74,69,64,69,64,56,76,74
74,81,82,79,76,75,78,68,79
92,86,85,91,78,86,83,77,86
67,79,79,72,86,75,70,78,78
59,82,72,67,71,69,65,75,74
66,68,81,73,62,84,74,75,85
83,94,78,78,80,78,84,88,81
72,56,70,74,52,51,62,43,71
54,63,73,53,63,73,52,63,63
70,59,80,69,61,67,61,65,86
73,71,79,65,63,78,74,63,75
61,68,76,66,71,68,65,66,62
85,81,75,84,68,74,78,67,77
77,69,82,69,60,69,77,53,73
60,70,81,59,66,69,61,71,68
70,75,83,69,62,78,71,58,74
91,72,58,79,66,61,75,71,63
66,70,84,64,65,83,69,64,71
82,81,93,83,67,89,86,69,81
63,63,85,63,67,85,60,68,74
64,57,78,61,59,61,2,0,2
51,60,67,44,49,56,37,48,54
74,70,71,70,57,71,80,64,75
60,67,73,66,57,64,51,48,59
66,77,73,60,72,68,61,63,67
59,55,82,60,51,76,65,39,71
67,55,76,64,51,75,45,62,63
65,61,73,60,66,67,65,61,68
56,61,71,66,64,60,55,52,73
65,71,63,57,62,58,68,66,57
78,58,78,76,49,78,74,53,67
59,67,83,60,58,77,53,50,69
76,60,84,78,65,81,67,63,78
80,72,88,79,66,84,82,58,75
68,64,82,64,66,81,61,67,77
63,78,78,62,71,78,52,61,73
74,75,79,68,69,78,68,65,73
54,71,80,61,76,78,52,63,68
61,54,71,59,53,57,66,59,72
75,78,80,74,77,78,63,77,69
79,76,80,82,77,72,75,78,73
79,62,76,73,51,70,63,70,73
85,79,82,84,58,78,84,69,79
74,83,78,73,75,75,68,82,84
79,77,89,74,68,82,59,64,83
91,69,86,84,68,88,90,71,81
57,74,75,48,65,75,60,60,64
66,70,75,65,63,73,58,64,71
81,84,85,78,77,72,76,75,78
81,81,74,81,73,65,76,78,63
75,76,67,74,75,66,63,82,69
61,84,75,64,78,67,59,70,70
61,77,67,62,67,62,53,69,69
70,75,82,63,73,73,69,80,82
72,74,88,75,76,82,76,80,80
75,83,87,75,73,81,73,75,74
55,69,63,62,71,57,68,84,50
80,67,84,83,69,76,90,71,77
71,72,76,73,71,74,80,74,70
71,91,85,74,83,83,79,87,76
50,60,77,58,53,75,55,50,72
55,37,72,50,34,62,47,47,66
58,43,74,54,49,60,48,39,53
72,58,83,66,58,78,61,66,75
50,47,70,51,45,69,50,46,71
51,81,79,62,63,73,54,65,72
69,76,70,64,67,54,51,41,64
73,70,79,70,70,78,73,54,62
70,68,77,67,58,70,75,63,71
64,58,68,67,55,65,64,54,55
81,63,78,78,60,66,75,50,68
31,28,37,33,28,31,35,27,32
70,69,86,68,73,82,77,64,74
84,87,87,84,81,82,81,73,75
84,81,92,85,78,88,81,74,84
65,81,75,69,87,73,67,79,72
86,92,83,81,83,77,84,83,81
87,77,88,86,73,80,83,70,75
82,83,76,78,74,71,80,84,80
86,89,87,94,94,84,90,98,81
74,64,80,64,57,71,68,62,77
67,73,78,64,60,62,80,66,79
77,72,74,76,61,65,72,58,66
77,66,81,81,61,72,80,65,74
69,66,62,67,54,57,70,68,71
67,60,69,64,59,61,63,59,64
88,68,74,81,61,63,87,63,69
74,74,93,71,74,88,57,71,79
74,81,80,78,71,77,70,73,72
61,80,73,62,66,65,58,63,71
87,76,82,82,72,76,76,58,79
54,63,69,43,54,53,31,59,48
55,93,66,53,78,45,48,76,69
67,73,75,66,75,75,69,69,72
72,82,73,71,69,75,81,70,75
74,82,81,78,74,63,69,66,75
88,71,87,81,77,82,84,71,75
71,69,79,68,58,69,68,53,76
75,83,76,81,75,73,85,77,76
84,90,77,81,82,75,70,85,69
77,78,74,78,72,65,71,69,65
77,96,80,82,85,80,89,82,84
83,82,81,81,69,81,86,72,75
88,82,86,84,82,85,76,79,85
70,83,88,73,66,71,61,75,74
92,91,88,83,84,86,90,78,82
71,86,70,64,72,61,75,79,60
93,90,89,90,93,85,90,85,84
52,72,76,49,55,73,53,40,70
44,71,68,41,62,65,37,39,75
67,52,71,68,61,77,76,49,72
44,61,70,49,62,66,50,60,59
71,63,64,65,61,63,63,61,67
71,59,80,71,57,72,75,58,66
74,74,74,71,69,75,72,73,77
61,50,70,68,58,71,61,54,64
70,88,78,65,69,63,52,77,76
75,65,61,72,49,54,65,65,74
80,77,81,71,65,76,62,68,78
86,65,80,77,69,68,80,53,71
87,80,83,82,63,82,84,64,74
75,62,87,78,75,82,75,73,74
51,59,74,52,63,71,37,52,62
80,79,82,82,75,61,84,72,77
63,73,70,66,65,59,66,56,62
74,66,78,61,59,67,55,46,59
60,70,67,61,71,53,74,64,60
53,59,70,55,58,67,52,50,70
72,74,80,61,79,69,61,63,68
85,59,66,81,50,56,80,64,64
71,65,75,67,65,67,64,60,73
55,51,71,61,56,71,66,61,61
58,63,68,62,59,68,63,50,75
68,71,77,74,62,73,51,63,63
67,74,72,68,59,61,68,72,68
62,65,79,61,61,68,66,62,76
61,79,75,63,69,69,57,66,76
62,75,78,68,74,73,71,59,67
74,66,79,74,68,72,66,68,77
65,69,74,71,75,72,67,67,71
71,85,75,66,64,62,73,71,66
20,54,62,28,55,57,26,53,60
57,67,69,67,61,61,84,69,62
73,72,78,80,71,73,71,65,72
83,76,79,82,71,76,69,70,72
84,60,79,79,61,70,73,69,75
79,90,76,82,89,67,81,90,67
73,84,87,68,78,79,78,69,73
75,71,81,78,69,84,63,79,75
77,82,83,81,82,82,78,70,78
73,76,82,77,76,79,78,82,75
95,87,81,94,71,82,88,68,83
73,78,75,69,80,74,70,73,73
76,68,77,69,58,64,78,71,75
75,77,82,77,63,78,72,69,74
77,75,88,81,72,85,84,82,84
85,74,91,89,73,92,89,73,85
84,93,87,82,95,83,80,81,74
58,55,77,59,66,77,43,43,64
56,60,69,55,58,51,62,49,70
61,62,70,63,55,58,64,56,70
68,64,85,64,68,80,64,61,77
63,66,72,63,66,71,62,72,67
64,83,77,74,84,83,71,71,80
59,65,76,56,68,78,65,68,79
61,78,74,68,75,74,65,66,79
83,92,86,88,85,85,95,90,80
92,84,91,89,84,82,95,86,82
79,86,86,81,93,90,84,78,85
94,84,92,97,83,91,94,88,92
76,48,78,72,40,66,69,51,75
76,65,80,64,49,62,58,42,74
55,47,62,53,53,46,44,37,66
55,49,72,54,52,69,46,35,62
73,62,75,72,52,82,62,58,70
72,61,84,81,64,76,74,61,80
53,55,66,54,56,63,62,65,71
72,56,70,65,60,70,68,46,61
61,58,64,63,49,60,61,51,70
65,61,72,72,59,73,67,62,75
58,60,56,56,52,53,59,63,59
87,68,84,83,60,80,83,54,76
45,68,75,48,64,74,30,56,72
60,72,72,60,75,59,53,63,59
67,59,75,69,55,74,71,59,76
75,85,80,69,78,77,71,68,79
75,71,85,70,83,78,72,65,70
33,44,59,42,44,55,41,36,50
51,60,73,58,61,72,52,55,69
89,70,82,88,65,82,82,60,80
70,61,82,69,62,66,62,59,69
55,61,54,57,42,59,57,41,75
56,54,65,56,62,61,68,56,68
60,65,67,70,69,62,67,69,62
64,66,65,60,54,51,62,54,59
67,62,75,70,61,71,60,70,75
71,75,86,69,65,81,65,68,74
70,60,80,70,63,75,63,54,80
71,81,76,76,78,69,81,72,72
75,63,77,69,65,71,61,60,68
81,78,87,73,74,87,87,68,89
88,71,89,83,65,84,83,77,83
63,60,67,66,58,68,73,74,64
60,81,74,68,72,67,66,75,70
86,88,75,79,89,65,74,74,79
69,67,80,68,62,67,68,74,82
75,75,78,68,66,75,71,75,79
71,83,85,70,67,74,73,81,77
85,63,83,83,73,73,80,69,72
89,76,83,86,77,81,93,81,75
78,72,85,76,70,83,82,72,82
66,71,80,74,73,76,66,74,76
78,86,76,69,72,64,71,77,73
68,81,75,72,75,71,77,79,80
76,74,82,74,63,81,70,68,81
79,85,86,86,84,87,82,77,82
56,69,65,58,79,61,60,64,72
67,50,68,69,46,62,80,56,64
93,99,79,93,99,75,93,93,80
86,71,56,87,58,59,87,68,70
55,70,79,49,64,68,51,61,71
68,61,69,71,61,71,68,60,67
83,73,77,87,65,79,92,76,84
85,78,83,82,66,77,80,74,78
86,81,85,79,77,82,84,68,77
64,66,75,65,64,74,64,62,73
73,81,81,79,74,77,75,80,84
58,61,71,55,62,72,63,52,73
78,80,73,72,79,76,82,70,74
83,64,83,83,62,85,87,70,79
61,63,80,61,63,76,58,50,65
77,76,77,72,61,69,80,74,73
86,88,88,88,68,85,83,83,79
75,75,82,71,66,81,75,68,70
83,77,72,78,60,59,89,83,80
79,69,87,78,65,79,65,67,71
84,69,86,81,71,76,69,51,74
90,84,91,85,84,87,81,78,80
69,67,86,69,67,86,69,62,81
74,84,86,70,74,81,73,68,75
69,55,79,81,65,75,86,59,76
75,91,81,76,79,77,73,81,69
74,78,70,73,77,73,68,72,76
82,84,78,78,72,77,79,71,72
75,76,81,77,78,66,76,83,73
67,76,76,60,66,68,47,74,70
84,79,81,74,76,76,88,69,76
65,74,77,70,73,67,53,65,65
71,69,80,79,75,82,76,69,83
86,89,89,81,86,88,86,82,79
90,86,88,89,82,86,85,89,87
75,65,70,71,67,67,79,77,71
92,82,85,90,81,88,91,82,79
75,95,82,70,86,71,81,85,71
75,73,78,77,77,82,80,80,79
74,83,79,76,71,79,86,82,75
53,48,47,55,25,53,58,59,62
75,46,74,63,50,74,62,44,60
55,42,77,57,43,70,47,37,65
85,80,85,77,70,84,78,60,83
88,75,81,88,59,76,86,59,76
91,71,75,96,77,77,91,71,76
90,70,83,87,72,79,86,63,78
94,85,90,89,78,89,95,71,85
83,64,76,81,62,74,81,58,77
84,79,84,86,71,84,82,70,75
93,74,76,90,65,68,91,68,67
94,77,76,86,78,76,92,70,73
87,60,69,78,53,72,75,51,69
93,82,82,91,68,77,92,71,79
89,85,84,93,77,83,87,73,79
91,94,85,91,84,86,91,91,86
82,79,71,91,79,78,91,85,76
95,85,86,92,84,80,90,78,83
89,82,84,87,75,85,93,80,80
91,74,80,94,75,81,91,84,80
97,80,87,94,81,84,95,74,90
91,81,87,95,82,88,96,90,83
94,91,89,95,92,95,97,93,92
88,68,80,85,62,77,83,48,71
66,55,74,51,44,70,61,56,72
2,0,1,1,1,1,56,64,80
80,66,83,81,62,82,85,64,76
64,53,79,61,43,80,42,59,76
69,61,71,73,61,52,64,50,77
82,67,84,80,65,78,75,59,78
78,62,82,70,65,75,63,65,68
65,57,62,59,59,56,62,68,48
64,66,77,62,69,70,60,67,71
65,65,89,64,60,78,66,58,76
77,76,75,78,64,71,74,61,71
85,62,79,80,65,78,77,73,76
84,70,79,88,73,78,92,66,75
59,65,70,53,61,64,56,59,68
66,67,83,61,58,79,70,60,85
66,66,76,63,60,75,53,45,72
74,74,78,76,61,69,67,54,70
77,79,82,76,78,70,76,74,75
74,73,75,77,62,75,71,61,70
85,77,71,80,71,71,82,74,67
64,51,68,66,47,59,51,43,71
80,61,89,76,60,81,66,60,80
80,80,82,79,67,72,76,66,74
79,74,83,75,71,77,77,67,82
79,58,82,78,60,79,82,56,81
84,74,74,85,59,77,79,67,79
67,62,74,67,68,74,61,52,73
68,74,81,66,68,74,73,61,75
79,83,80,68,84,71,59,73,75
74,62,79,77,63,81,79,74,83
70,78,74,79,74,70,68,75,73
79,71,80,78,63,77,85,64,72
71,70,79,69,65,78,65,62,68
77,79,82,80,70,76,74,65,74
89,78,80,85,59,80,88,69,73
69,57,71,72,59,73,86,68,73
81,65,82,89,70,83,94,68,78
80,78,85,82,80,87,89,81,85
91,88,91,90,80,89,91,81,83
80,64,74,65,50,68,94,75,74
60,66,75,59,62,71,64,66,71
75,76,85,81,82,80,81,74,76
83,72,90,86,78,88,92,69,86
86,81,83,88,77,81,84,76,77
67,70,84,68,69,74,72,62,75
77,89,82,83,85,81,82,79,70
71,83,86,87,81,80,66,73,82
48,58,76,48,56,66,34,52,49
70,58,76,68,36,70,59,48,65
87,75,83,85,77,75,85,70,76
85,94,83,87,93,83,86,90,85
84,96,84,85,86,80,87,83,82
91,79,83,89,76,77,95,78,80
87,83,93,82,83,86,83,70,86
79,69,81,72,70,83,74,55,67
85,89,84,89,88,86,94,78,80
95,91,87,99,92,87,92,93,86
91,64,77,85,58,82,86,40,75
87,66,82,76,64,80,86,53,75
84,68,80,83,61,77,83,61,78
85,70,76,88,65,77,89,68,77
88,76,87,79,63,88,71,66,85
84,58,77,82,59,78,81,61,76
83,63,81,79,59,81,92,52,81
91,75,79,81,65,72,73,50,67
94,82,87,98,73,87,96,69,84
94,59,85,90,72,81,87,64,82
29,42,60,32,43,54,33,31,53
56,51,66,47,43,53,61,41,59
32,43,71,29,44,62,41,48,55
57,47,74,56,39,50,53,63,70
77,76,82,76,64,74,76,66,84
59,49,69,54,28,64,50,52,65
68,59,74,60,51,77,49,60,68
56,35,74,57,42,75,61,60,74
63,62,82,62,60,62,59,47,80
75,49,83,74,49,81,68,62,80
60,58,85,58,58,75,54,44,72
64,64,78,53,44,74,40,46,64
76,49,73,69,46,64,69,44,77
78,61,80,73,60,77,65,58,75
80,45,82,79,47,74,70,54,76
57,68,67,51,48,61,40,47,68
59,44,65,52,48,60,49,39,62
65,64,70,77,61,77,63,55,74
63,70,61,63,61,62,62,65,60
76,59,81,67,51,78,62,62,77
60,51,71,61,47,70,66,49,71
84,62,76,75,48,70,71,48,64
47,41,62,49,35,45,43,49,64
74,52,82,71,43,74,72,53,79
47,57,74,53,66,69,57,44,76
60,67,76,54,69,61,60,65,67
70,62,69,72,43,55,62,58,62
82,42,77,83,35,59,71,39,77
53,64,83,63,58,79,36,41,73
81,71,78,81,67,81,87,75,78
64,49,78,63,47,76,52,41,73
79,67,89,73,60,87,68,42,85
89,64,75,88,61,58,76,47,70
92,67,93,93,56,93,91,55,86
69,68,74,67,59,77,66,44,69
77,71,82,79,66,86,81,57,79
66,69,79,72,66,79,74,72,79
76,73,74,79,77,75,77,65,76
60,68,76,52,56,74,53,61,71
69,62,69,68,58,67,53,56,72
92,47,82,93,61,79,89,62,80
81,56,76,75,52,73,68,66,75
85,57,84,77,55,81,71,60,82
58,68,67,57,59,68,61,70,70
58,49,68,59,53,67,65,51,74
70,52,77,67,53,73,76,65,77
76,60,84,77,76,85,88,72,81
54,73,71,61,72,68,40,44,73
50,45,76,54,50,67,42,75,75
87,63,86,86,62,81,84,80,76
68,69,76,61,64,66,61,66,68
81,83,78,83,72,56,74,80,59
67,72,79,74,63,77,74,67,80
69,65,75,70,60,68,73,69,79
88,70,87,84,62,82,92,88,87
77,80,85,76,81,78,82,77,89
92,76,90,89,82,84,89,75,89
61,67,79,65,70,69,67,71,74
86,86,82,84,78,73,94,80,80
63,61,83,72,59,74,83,61,63
61,37,43,58,58,39,52,46,45
61,53,82,63,53,80,63,47,65
48,37,67,51,42,71,32,60,55
50,53,84,57,51,79,60,43,72
49,39,69,44,36,44,34,44,43
60,51,73,57,43,70,57,43,52
68,64,80,69,56,71,78,60,68
82,45,73,69,52,69,81,42,71
66,49,82,64,55,78,69,55,77
56,63,72,49,51,69,52,54,68
55,59,73,62,62,69,64,61,69
62,55,70,59,53,69,53,48,64
87,59,61,83,52,60,91,61,68
58,47,82,49,36,62,63,38,81
73,61,79,76,54,70,72,58,71
88,70,82,84,61,79,81,62,71
80,59,74,73,64,70,76,61,79
73,73,80,72,70,79,81,79,77
67,71,71,63,58,81,82,73,61
85,63,85,86,65,79,90,69,77
74,69,80,83,78,78,86,66,78
70,64,77,72,58,73,89,81,71
52,56,73,51,62,63,62,66,67
57,56,78,66,60,80,66,66,76
43,61,83,51,64,79,61,60,75
83,70,88,80,66,86,91,72,84
63,59,80,72,64,79,71,67,79
83,54,83,80,57,77,78,61,81
68,63,66,69,58,54,86,62,65
75,80,80,75,71,71,91,89,86
96,80,91,97,81,87,100,72,92
64,56,75,64,60,63,1,0,1
72,71,68,71,55,74,80,66,74
60,65,75,65,54,65,52,47,56
64,80,75,59,70,72,63,62,67
59,54,78,60,49,77,67,41,70
67,56,74,68,55,79,43,60,63
62,62,73,60,63,67,64,63,67
54,63,70,66,63,59,58,52,72
66,72,64,60,60,60,66,66,54
77,57,80,77,50,75,76,52,71
60,65,81,61,57,76,53,49,69
79,62,84,75,67,81,70,61,78
80,75,89,78,66,82,81,58,74
66,67,80,65,68,81,61,66,74
62,80,79,62,75,76,54,62,74
71,75,82,68,65,78,67,65,73
86,83,89,84,64,89,85,73,80
67,60,82,65,69,85,64,69,75
79,60,78,75,52,72,65,70,75
84,79,83,84,58,79,83,68,81
75,83,81,70,76,78,71,84,81
80,77,87,76,69,80,60,61,82
88,71,88,85,65,88,92,75,80
54,75,74,51,65,71,58,61,65
67,70,75,65,59,75,59,62,67
82,82,83,81,81,75,78,75,79
81,83,75,84,75,68,77,76,65
76,78,65,74,75,68,62,78,66
59,78,68,64,64,58,52,69,69
69,75,80,65,75,75,68,81,78
70,70,84,72,76,81,74,81,80
76,84,87,74,73,83,75,75,77
59,67,62,58,71,58,70,84,47
84,68,81,80,71,76,86,72,78
75,70,77,74,70,77,77,73,72
70,95,88,74,83,81,77,88,76
50,60,79,59,55,75,55,51,70
56,38,73,50,33,61,47,44,66
61,40,77,55,50,63,50,40,56
73,58,83,67,56,77,61,63,75
49,48,71,51,47,67,49,43,71
51,81,80,63,65,73,54,69,73
70,79,66,66,67,50,49,41,64
71,67,81,71,71,78,75,50,62
56,73,80,65,76,78,54,64,72
62,52,70,62,55,60,66,57,74
76,77,83,77,78,76,65,77,70
76,76,80,79,74,72,74,78,74
78,79,86,76,79,85,76,73,83
79,76,83,75,64,77,77,57,77
72,84,73,76,67,57,70,70,54
72,74,74,71,58,59,67,61,74
76,84,80,77,73,74,86,70,74
78,81,76,83,73,78,88,76,73
82,87,81,89,86,78,83,80,73
63,75,69,65,69,66,57,77,74
75,79,78,77,78,75,78,70,81
89,86,88,89,76,85,83,78,88
65,78,80,71,88,75,69,76,78
61,82,73,67,75,71,66,75,75
67,70,81,72,62,87,72,78,88
84,92,79,78,83,79,82,89,78
70,56,70,74,52,53,62,41,71
54,65,76,52,66,70,52,65,62
70,58,79,67,60,70,63,66,85
76,73,80,68,66,79,76,66,79
64,65,73,66,73,71,64,68,62
86,80,79,87,68,75,79,67,78
77,66,79,70,58,67,81,55,73
61,70,77,63,64,73,60,72,64
72,75,84,72,59,80,70,58,75
89,74,59,79,67,64,71,67,62
67,69,82,63,65,83,65,64,72
71,69,78,67,58,73,75,64,69
67,62,68,64,54,67,68,56,55
82,65,77,77,59,67,76,51,68
28,28,39,34,30,31,33,26,33
61,76,76,67,72,64,64,69,81
69,73,80,66,68,72,63,64,72
83,72,86,81,63,77,85,65,76
63,70,72,61,74,76,60,76,71
76,72,80,71,64,81,72,61,78
44,68,63,46,69,65,43,72,68
59,73,75,61,60,69,53,63,62
74,65,81,67,68,70,78,75,74
63,59,76,65,52,76,65,70,70
72,64,82,72,56,75,74,65,69
75,81,85,75,69,78,72,69,76
87,66,82,89,69,71,86,68,70
58,69,66,64,66,62,63,63,71
74,84,76,82,79,76,83,72,77
74,66,80,69,71,71,79,72,78
82,72,80,83,68,78,76,76,73
78,84,80,80,82,78,79,78,76
80,71,79,67,67,75,64,65,73
91,89,87,85,89,86,88,80,77
91,89,92,89,82,89,91,85,90
80,77,79,78,58,69,72,75,78
84,79,91,82,77,85,80,82,86
89,92,85,93,85,82,91,89,88
66,68,79,60,59,75,47,49,74
65,66,83,64,52,73,53,37,77
68,53,71,67,62,64,66,65,73
82,80,86,87,73,76,79,79,80
70,58,65,77,58,53,71,46,64
64,72,77,63,66,69,60,57,76
80,78,71,76,71,67,74,69,62
50,58,76,46,60,70,40,35,59
62,83,73,72,75,65,62,68,63
69,68,78,71,66,75,62,59,83
71,63,67,68,58,61,64,60,67
67,58,81,71,58,73,72,56,67
73,76,74,67,70,73,70,72,76
58,52,71,67,62,69,61,52,63
72,88,76,63,65,64,56,76,79
71,63,60,72,50,58,66,64,72
79,76,85,74,68,75,63,68,77
83,63,83,79,72,71,81,55,71
84,77,85,80,65,81,84,63,75
75,63,87,81,77,84,72,70,73
50,63,73,51,65,71,37,51,62
82,80,81,83,71,61,86,73,77
63,73,71,65,66,62,69,59,63
68,74,74,66,72,73,67,70,69
72,82,75,71,67,74,79,69,74
74,78,80,75,74,65,71,66,75
85,73,88,84,76,81,85,70,72
68,67,77,66,62,73,70,53,78
78,79,76,77,74,75,86,76,78
82,87,73,80,83,76,71,81,68
75,81,74,77,75,66,71,68,65
61,66,68,58,71,65,60,65,65
72,81,80,71,74,74,75,65,69
92,54,70,91,63,60,93,65,66
79,64,77,84,62,77,86,66,75
65,68,67,61,73,67,61,69,63
75,86,79,81,74,79,84,77,79
72,67,88,68,71,80,76,67,76
82,87,85,82,79,84,81,73,75
86,81,90,81,79,90,83,75,82
67,81,75,65,84,75,66,76,75
86,93,86,84,83,77,86,84,84
86,81,89,85,71,80,84,73,75
78,80,80,77,75,74,79,85,80
90,88,87,93,95,85,94,101,80
73,64,79,66,54,73,64,65,78
67,70,78,63,56,60,77,64,78
77,71,73,73,63,63,73,54,66
77,68,83,80,59,69,81,66,73
72,63,62,69,55,54,70,70,74
66,58,69,64,59,59,62,59,63
87,72,78,83,61,63,84,61,69
71,77,90,69,74,91,55,70,79
74,79,81,79,72,74,68,72,69
65,82,75,59,69,64,58,65,70
88,74,81,84,70,75,76,61,77
51,67,71,44,57,49,33,62,50
56,90,70,51,79,41,48,73,66
87,69,83,86,65,86,76,73,83
66,65,69,64,66,63,70,68,72
81,65,80,76,64,72,77,62,69
62,71,77,70,67,59,55,64,67
71,84,77,64,76,77,63,71,82
78,94,82,85,85,79,91,85,83
82,84,83,79,68,84,85,71,72
85,80,85,84,82,85,76,81,83
73,83,90,72,69,74,61,75,75
92,91,87,84,86,89,92,79,81
68,84,69,64,73,63,75,79,59
92,90,91,90,93,86,90,85,83
53,69,73,51,54,71,52,40,70
45,71,66,42,62,65,40,42,73
65,53,70,70,63,75,75,48,73
44,63,73,48,59,63,49,59,61
64,75,74,61,59,68,56,62,62
89,67,84,81,57,76,79,61,65
75,69,77,76,56,66,74,60,66
82,73,75,77,67,76,63,64,61
76,78,76,71,71,71,79,65,71
77,60,79,72,59,74,74,52,71
78,61,77,77,53,70,78,47,67
61,72,79,66,58,78,69,59,73
71,62,75,74,66,80,70,58,69
88,72,83,82,59,73,78,65,71
75,76,77,74,71,75,76,59,74
75,75,88,79,64,66,82,48,71
84,70,87,78,61,78,72,66,74
83,67,75,77,59,79,70,74,71
60,63,77,65,68,73,79,77,74
68,77,82,73,65,71,61,70,73
83,73,81,83,72,78,81,67,75
68,68,84,67,69,75,68,73,74
74,87,78,73,82,69,72,78,73
77,79,81,73,82,79,71,82,77
81,75,85,81,79,78,82,70,79
94,88,93,90,90,89,91,87,94
60,68,66,56,54,62,47,58,56
58,65,68,59,52,39,64,47,62
71,67,77,63,63,65,53,44,58
59,69,67,62,67,53,74,65,58
55,57,73,57,58,64,52,47,71
74,74,80,62,79,67,61,62,67
82,60,63,84,48,56,82,63,66
71,64,76,68,62,69,63,60,71
55,50,68,64,54,69,67,63,60
61,63,71,58,59,69,60,47,73
66,70,74,70,62,75,53,63,61
69,75,72,66,59,60,71,72,67
66,65,78,61,59,68,66,59,75
60,76,77,66,66,67,59,66,77
60,75,78,66,75,72,70,56,68
65,70,72,72,75,70,68,67,70
70,81,75,65,64,62,74,68,66
21,54,59,26,54,59,28,50,60
56,66,66,68,60,63,80,71,61
75,74,80,80,70,73,75,68,72
81,73,79,82,72,80,69,74,72
85,60,77,77,61,71,70,67,76
79,93,74,82,89,67,82,91,69
72,80,87,66,78,77,79,73,76
77,72,81,76,66,82,66,82,75
76,78,83,78,80,82,77,71,78
72,77,83,79,77,77,75,79,72
93,87,81,94,74,80,89,71,82
72,75,77,72,84,72,67,73,70
79,67,75,67,62,66,79,71,74
77,78,83,77,64,76,74,68,74
73,87,71,70,82,60,67,80,65
83,68,84,83,72,80,81,67,78
71,79,76,77,75,68,68,78,72
73,75,76,72,65,77,87,71,73
80,88,77,79,77,80,84,80,70
87,77,81,87,72,72,77,80,80
73,72,84,71,63,78,71,73,77
80,80,82,81,77,84,77,78,76
72,75,72,70,70,70,70,74,70
67,81,88,65,72,78,67,81,72
84,69,84,85,81,82,87,76,76
78,78,89,81,78,85,85,78,78
84,86,85,80,83,77,83,89,75
81,83,85,86,92,83,80,88,78
57,74,66,53,59,61,60,41,65
57,57,67,64,61,61,63,58,57
64,43,81,62,45,79,54,53,80
68,69,69,60,48,59,60,59,64
55,69,74,47,64,67,45,45,69
62,66,75,56,69,72,70,62,76
82,75,79,72,67,67,66,59,73
52,63,75,51,61,66,45,53,67
71,52,80,64,50,76,57,55,76
61,49,73,60,42,62,54,55,79
85,82,83,88,71,79,77,79,78
65,74,81,69,70,83,76,74,75
55,66,68,65,65,70,59,59,65
65,62,70,66,62,65,71,61,70
71,73,79,70,70,77,73,75,73
78,73,71,72,71,61,66,75,75
55,77,73,58,68,64,53,55,61
60,66,79,67,68,72,66,63,75
70,66,79,65,64,75,65,53,80
70,51,70,65,53,68,71,42,77
77,64,75,79,64,81,71,63,75
65,60,71,63,61,51,67,47,53
78,75,81,74,61,79,62,70,72
61,72,69,60,60,72,61,60,63
73,80,76,67,68,80,70,63,68
73,61,83,76,59,81,73,53,80
69,79,80,75,82,77,83,84,80
74,71,79,70,72,72,71,72,72
75,80,79,78,70,76,83,75,84
72,85,67,67,74,67,76,74,65
70,71,83,69,68,84,80,68,77
83,84,83,83,80,86,86,88,76
88,88,81,85,82,77,81,82,72
88,83,85,85,76,81,87,81,77
73,70,81,79,65,83,75,65,67
53,68,78,50,67,56,61,68,68
78,78,85,76,61,73,78,75,68
75,75,87,81,75,81,87,70,73
71,49,63,61,48,54,75,52,58
80,73,80,78,69,75,76,66,77
51,77,73,51,74,66,57,74,60
82,77,79,79,72,78,80,65,81
62,70,78,70,76,69,73,72,77
52,71,72,66,62,74,71,64,71
77,71,89,78,67,76,71,72,75
79,77,90,82,74,83,82,80,80
86,75,93,86,72,90,92,77,85
84,90,86,81,95,82,82,84,77
57,56,76,55,67,76,43,41,64
54,62,65,56,61,51,60,48,69
60,62,68,60,54,57,65,55,70
64,61,83,64,66,76,63,63,80
51,68,78,49,60,53,46,53,73
69,67,78,60,72,74,61,69,71
73,71,79,73,68,75,61,53,55
58,79,78,59,60,65,64,63,71
76,69,75,70,58,66,72,62,68
82,68,74,80,50,68,78,68,72
71,81,87,74,84,83,84,74,76
62,48,78,59,70,63,60,70,70
69,42,67,62,51,71,53,49,66
63,68,73,61,67,62,66,67,62
78,62,86,81,66,78,76,68,78
59,65,68,63,61,69,58,67,67
75,85,86,70,65,78,70,82,77
86,66,83,83,74,74,82,71,72
91,77,80,83,75,83,93,80,76
78,68,87,76,73,85,83,71,80
69,68,80,72,72,74,66,72,76
77,87,78,67,73,64,69,76,70
64,82,78,71,75,68,80,81,83
76,76,82,74,63,81,69,69,81
82,87,89,84,85,86,84,79,81
62,68,74,60,63,73,61,74,70
66,82,78,73,82,83,73,67,80
58,67,75,53,67,74,65,67,78
61,78,75,66,74,73,65,66,80
87,94,86,86,86,84,92,88,82
90,85,91,89,84,82,96,83,84
81,85,87,81,91,86,84,79,81
97,83,92,97,86,92,95,91,89
72,46,79,71,42,65,69,53,75
75,67,79,65,49,62,55,40,74
89,69,86,87,61,81,84,61,79
70,58,78,69,60,68,64,60,70
53,65,54,55,45,63,57,40,76
59,56,68,59,62,64,65,54,70
61,67,68,70,68,64,64,72,64
64,63,64,59,54,51,60,54,58
69,59,77,66,61,71,60,68,76
71,76,89,66,61,81,69,65,72
70,58,76,71,63,79,62,55,79
71,81,79,79,74,68,82,71,70
79,62,73,69,66,71,61,59,72
85,81,86,74,71,88,89,65,86
86,73,89,84,65,83,82,75,82
62,64,68,66,62,66,71,72,64
59,81,73,68,69,66,66,74,74
70,61,84,77,63,79,66,65,75
89,88,79,79,90,63,71,77,78
67,66,82,68,64,68,71,71,84
72,76,77,69,69,73,71,76,80
53,44,61,55,53,45,46,38,66
57,52,72,56,52,66,47,37,63
71,62,74,73,55,81,62,60,70
70,61,81,80,67,74,77,61,81
52,54,68,54,55,63,61,65,70
70,55,71,67,58,66,66,44,63
62,57,63,61,50,62,62,50,71
57,70,69,59,79,62,60,64,70
64,51,71,69,47,61,80,58,64
92,101,78,90,101,78,91,94,80
88,71,58,88,58,59,89,66,69
55,73,78,50,64,65,50,60,72
68,60,71,71,61,75,68,62,67
65,55,74,67,66,77,82,68,75
85,73,77,87,65,81,92,73,87
85,80,84,84,70,77,81,74,78
82,79,85,80,74,81,83,71,77
61,66,76,65,65,73,66,61,77
77,81,80,79,74,78,73,82,80
56,61,69,58,62,76,66,54,76
80,78,74,73,80,77,82,67,74
81,67,81,83,62,83,86,67,78
61,62,80,62,65,73,58,52,65
75,80,75,74,61,65,78,74,75
87,87,88,89,69,86,85,81,79
70,75,75,78,70,73,68,75,73
80,70,78,78,63,77,89,64,71
68,71,82,69,62,80,67,61,71
81,79,83,81,66,78,78,66,77
89,80,80,86,60,81,90,72,75
68,54,70,71,60,76,85,68,72
83,64,82,85,70,86,91,65,78
82,77,85,84,79,86,87,80,85
89,89,94,93,80,92,94,83,80
79,63,76,68,52,66,90,76,76
91,74,84,85,78,73,85,69,75
85,97,84,88,90,79,85,90,83
80,92,85,87,85,80,88,82,83
90,79,85,88,76,81,98,78,80
84,83,92,82,83,89,85,71,86
77,69,83,69,71,83,78,59,68
89,88,88,90,87,83,93,82,81
95,94,84,97,92,91,94,92,90
65,58,71,72,59,73,71,60,72
56,58,57,54,52,52,60,65,60
86,70,86,82,59,79,80,54,72
45,70,76,48,64,77,31,58,72
60,74,73,61,75,59,53,64,60
68,63,79,68,56,74,71,58,78
72,85,77,71,78,73,71,66,78
76,74,84,71,83,76,70,65,71
73,72,80,71,66,80,76,65,74
83,77,70,81,62,58,89,82,78
82,67,87,78,61,83,61,67,75
84,67,87,82,71,77,67,52,73
89,82,89,85,80,89,80,78,77
69,65,86,68,69,85,71,61,78
73,84,87,71,74,78,71,68,71
66,58,79,80,65,75,85,63,78
76,89,82,73,80,81,73,80,72
74,79,68,74,78,71,66,71,76
85,82,77,78,71,77,77,73,73
78,77,81,78,79,68,75,80,73
63,75,77,59,67,66,46,70,68
86,81,83,78,75,74,87,68,74
65,74,74,67,71,69,51,66,68
71,72,81,81,75,82,76,70,81
87,93,89,82,86,87,86,85,78
92,84,89,89,82,87,87,87,84
72,62,71,71,66,68,81,76,75
95,81,87,90,77,90,91,80,82
77,92,78,74,82,71,83,82,68
74,73,80,74,79,81,81,80,78
73,83,80,78,71,76,84,78,73
54,46,48,56,28,52,62,62,60
75,47,77,64,50,76,59,45,56
52,38,76,56,43,70,49,39,62
82,78,88,78,71,88,78,62,83
89,64,77,84,59,82,85,39,77
91,63,81,76,63,78,85,52,77
85,70,81,81,62,74,84,58,77
89,71,77,86,65,81,89,68,78
88,77,88,77,64,85,74,64,84
84,55,76,85,55,78,81,60,75
85,62,82,83,59,80,91,56,81
91,72,76,80,66,74,75,54,68
97,79,87,95,77,85,96,69,85
91,62,83,91,71,83,87,64,82
82,76,75,81,72,70,82,73,71
68,49,67,66,46,59,53,43,72
82,62,87,78,60,84,70,60,81
78,78,86,81,70,75,78,66,73
79,75,80,79,68,77,73,70,81
81,62,81,77,62,75,83,53,82
86,72,77,83,58,76,78,68,78
64,58,73,66,68,75,62,49,74
67,74,78,67,67,74,71,63,72
79,86,78,71,84,71,59,74,76
73,59,80,81,65,85,79,71,83
59,62,75,61,61,70,64,64,73
78,76,84,83,84,80,83,74,78
83,72,86,87,77,91,91,72,86
88,80,84,88,77,82,81,72,77
67,71,81,69,73,72,73,60,71
76,90,85,80,84,79,81,79,73
68,86,83,83,78,81,66,76,82
91,98,91,91,87,86,87,93,86
49,56,75,51,53,66,34,51,51
72,57,76,69,35,67,57,45,68
90,76,77,88,60,74,84,61,80
91,72,75,95,73,78,87,73,75
94,70,83,90,68,79,86,63,78
97,83,94,90,78,89,94,67,85
80,62,76,81,62,77,80,56,74
85,75,84,85,71,80,83,66,77
92,70,75,86,66,66,93,69,66
92,82,78,91,69,81,93,73,78
88,88,82,93,77,83,88,74,80
91,95,85,95,85,87,92,92,86
86,79,68,93,82,80,90,84,78
95,85,84,94,81,80,89,82,85
89,79,84,88,77,88,90,78,77
91,77,84,93,75,80,94,85,76
91,92,86,86,83,82,88,89,85
97,83,91,92,79,85,93,71,90
94,80,87,94,85,91,95,93,86
90,66,81,86,58,76,83,48,73
67,56,71,55,45,66,61,55,72
2,0,0,1,0,1,57,60,81
82,65,85,83,62,78,86,64,73
67,64,71,72,58,56,68,53,79
82,63,85,79,64,82,74,63,77
78,63,81,70,65,74,64,61,70
67,57,62,59,62,57,62,68,48
63,70,75,61,66,70,60,69,70
65,69,88,64,61,75,68,59,76
77,77,75,78,64,71,74,62,71
85,63,78,82,67,80,76,72,79
85,72,75,87,73,77,95,65,77
59,64,71,52,61,65,54,61,67
67,65,79,62,58,78,71,60,84
69,66,79,63,60,75,55,45,71
72,73,80,73,60,69,67,56,72
74,81,80,72,76,74,79,77,79
74,72,75,76,63,75,68,61,72
